Perturbation	Excess
PD_01_PD_06	0.0
PD_01_PD_14	0.0
PD_02_PD_05	0.07144042793980165
PD_02_PD_07	0.088696875975113
PD_02_PD_12	0.0
PD_02_PD_15	0.12864519569600774
PD_03_PD_15	0.09042038909256234
PD_04_PD_12	0.0
PD_04_PD_14	0.0
PD_04_PD_15	-0.11523134415981051
PD_06_PD_14	0.0
PD_07_PD_09	6.80279712585996e-05
PD_07_PD_10	0.0
PD_07_PD_11	0.005470314888043171
PD_07_PD_12	0.0
PD_07_PD_13	0.0032594381265250716
PD_07_PD_15	-0.763444294648647
PD_07_PD_16	-0.936016951954859
PD_07_PD_17	0.0
PD_07_PD_20	2.458476364930462e-05
PD_08_PD_14	0.0
PD_10_PD_12	0.0
PD_10_PD_15	-0.023479614328761444
PD_10_PD_19	0.0
PD_11_PD_12	0.0
PD_11_PD_15	0.05717892516786005
PD_12_PD_14	0.0
PD_12_PD_15	0.0
PD_12_PD_17	0.0
PD_12_PD_19	0.0
PD_12_PD_20	0.0
PD_15_PD_17	0.0
PD_15_PD_18	0.12182778099002534
PD_15_PD_20	-0.055632948393447124
