Perturbation	Excess
PD_01_PD_06	0.0
PD_01_PD_14	0.0
PD_02_PD_05	0.09072120086616497
PD_02_PD_07	0.1152083666200926
PD_02_PD_12	0.0
PD_02_PD_15	0.1802206392708522
PD_03_PD_15	0.045174284416255595
PD_04_PD_12	0.0
PD_04_PD_14	0.0
PD_04_PD_15	-0.1289094946541458
PD_06_PD_14	0.0
PD_07_PD_09	-3.124334086979097e-05
PD_07_PD_10	0.0
PD_07_PD_11	0.010020105505582744
PD_07_PD_12	0.0
PD_07_PD_13	0.005289990677518341
PD_07_PD_15	-0.7594481210029665
PD_07_PD_16	-0.9149495039998947
PD_07_PD_17	0.0
PD_07_PD_20	-4.6457778559716445e-06
PD_08_PD_14	0.0
PD_10_PD_12	0.0
PD_10_PD_15	-0.02605003382570148
PD_10_PD_19	0.0
PD_11_PD_12	0.0
PD_11_PD_15	0.03750245428536381
PD_12_PD_14	0.0
PD_12_PD_15	0.0
PD_12_PD_17	0.0
PD_12_PD_19	0.0
PD_12_PD_20	0.0
PD_15_PD_17	0.0
PD_15_PD_18	0.11615087278174874
PD_15_PD_20	-0.052538540470549955
